{"id": "BbV6W2LrtOcxSdqAZVNASQ", "rank": 1}
{"id": "T67I2MVvrnoSnfKM_q9vJg", "rank": 2}
{"id": "_qJuufl8zy7qrQMrm6SqXA", "rank": 3}
{"id": "Odz6rXWmT1SnimC3WG9R8Q", "rank": 4}
{"id": "V2I4SXDV8SJtlrkVDbOw1Q", "rank": 5}
{"id": "ym318HSOjgOxvtLWenuixg", "rank": 6}
{"id": "_fucORHQKLIKCG6bd6Arqg", "rank": 7}
{"id": "VkXVo0IJ_pIMYqMoAhgBHA", "rank": 8}
{"id": "I9oufTJZvN9yKvRfu-3ATQ", "rank": 9}
{"id": "3eO-CxREZVThsxxHE9msSg", "rank": 10}
{"id": "6B6ajZ7p9FXyTqOrVx45sQ", "rank": 11}
{"id": "dOli5cOpcWENNUzEqG6M2A", "rank": 12}
{"id": "mK0pxJCxNie2VqoeizPLKw", "rank": 13}
{"id": "g0ZpjGZISIfq6_AvhhjGHw", "rank": 14}
{"id": "SYFp7Ig1t_WZdlQyLQbXQA", "rank": 15}
{"id": "ov7RNIRbBJPhYb3I0so2oA", "rank": 16}
{"id": "ltzuC1eUr7upjRIrLSMX_g", "rank": 17}
{"id": "2o7giYJG2V8USI8NxsYlMg", "rank": 18}
{"id": "MKbj5rVBF8pVo2I8De0SGg", "rank": 19}
{"id": "knRLmfpjQH1hNMsY3VoRdg", "rank": 20}
{"id": "I9RH5MSiTx_-HEGCTLoP3A", "rank": 21}
{"id": "YMzHa_TyWumfNlpydizUWw", "rank": 22}
{"id": "WllWY-jdDZpOBAhSwf-Y0g", "rank": 23}
{"id": "sOtfl4ogjuH5GMewYQV17w", "rank": 24}
{"id": "wTsMzDgWmy54QolpCMbZIA", "rank": 25}
{"id": "f2gI3HkMmYHE0No-ODZ_IA", "rank": 26}
{"id": "KROdAOP1l-3Z1ByXLpNheg", "rank": 27}
{"id": "OmSQ7GkHiQNvLvv_byv4GQ", "rank": 28}
{"id": "Pkq7qt3X62YmUECgFQ-nQA", "rank": 29}
{"id": "UhIwmWQ1foAdviNC8w0gZw", "rank": 30}
{"id": "Yb_oz4oB99VSdwW8crbCxw", "rank": 31}
{"id": "ErQfaBF3EpBm4yR9wLkPbA", "rank": 32}
{"id": "UyKAKN9qo71ngXmSAaVPSg", "rank": 33}
{"id": "7QExu7eewqU49XIW8BoZkQ", "rank": 34}
{"id": "cHW0-osuW2LMhFI_8-kLaA", "rank": 35}
{"id": "sDaafUq36hiLXxSSzLLnEg", "rank": 36}
{"id": "iOf51Y1INX7hbrWOeGdWYQ", "rank": 37}
{"id": "w-PFxlNCGeH718tYluGIFw", "rank": 38}
{"id": "B3d6iTfmutxwC6OZKesFVA", "rank": 39}
{"id": "KiiAWsu6Frgd7PgTbi3CfA", "rank": 40}
{"id": "TKEaQGfsOBjeB9jYK6R_9w", "rank": 41}
{"id": "oMDYCvR-1di8PiL9YVCYYw", "rank": 42}
{"id": "2WEHq0_44yjAtLWDG4xFXQ", "rank": 43}
{"id": "7yRD4hvTV3JVzSc5ojpq4Q", "rank": 44}
{"id": "-b7eA3F7L-SoWo8L7PqsSQ", "rank": 45}
{"id": "V8G8MeBu-fIkLJd6B0eKqA", "rank": 46}
{"id": "TsYbL2YUdtwQnFafEdD82A", "rank": 47}
{"id": "cveqhcN756Ymx5ZIeQ0PCw", "rank": 48}
{"id": "jxcAKEJkjOhtUr_2srIORg", "rank": 49}
{"id": "Iq67eTzNk1IKfkiDj5_JlA", "rank": 50}
{"id": "DEZ736YHZ8IKVQPitRPL3w", "rank": 51}
{"id": "nd4JVlVGAdiDd3mX54NWUQ", "rank": 52}
{"id": "eQYl8b67i6lT9kCywT6R8w", "rank": 53}
{"id": "zQmiFYisQb4pitlS88dqmg", "rank": 54}
{"id": "HrMw0Ll-Y6ca71FoqzbGwA", "rank": 55}
{"id": "HvZ11JI9iitfXUQcyciM0g", "rank": 56}
{"id": "MnG7_8w24RB49CFdtpoTlA", "rank": 57}
{"id": "O008OVKZeBL_TXCRMpVH8A", "rank": 58}
{"id": "UvtHvKvVklhSLmzLJckvvg", "rank": 59}
{"id": "8Nl17rwgnmcTyOz2TZwuwA", "rank": 60}
{"id": "pW3YyQIDFBqUa6tphpxl8w", "rank": 61}
{"id": "Ia-2Iwm-Ujs_omizdYOd8w", "rank": 62}
{"id": "A1Q3QsN3yGp67zCo5Gpy-Q", "rank": 63}
{"id": "2B7F3Fs3gia79GyEi8-frQ", "rank": 64}
{"id": "tOQklKH3rvhAYWEfErCh4g", "rank": 65}
{"id": "fZBED73jw0hw7I6C2uzqkA", "rank": 66}
{"id": "s530Wqn9MBytg0isbfR6sQ", "rank": 67}
{"id": "RBatrMA-qzgkO7w2ud2laA", "rank": 68}
{"id": "INq-_gZdDwzD0BtFJ8fdQg", "rank": 69}
{"id": "8hvDdzxIlCbEcFsFslZG8g", "rank": 70}
{"id": "oCZGP8t-IID_r7TdZs9ypA", "rank": 71}
{"id": "e34fm9Bg27Yz1KvSxyN-6w", "rank": 72}
{"id": "PacUxsms8wr2iLs8vNzseg", "rank": 73}
{"id": "2HW-vk_q2-XaQC2qyCVV2Q", "rank": 74}
{"id": "2_uqYY4HSuP_knX2rMCggA", "rank": 75}
{"id": "6YkZU3PyZ8uiqbxSfvFJPQ", "rank": 76}
{"id": "d759-wA1FLCDuQdFLTBAww", "rank": 77}
{"id": "zOA5kpUqklq_mLWK9Lm91w", "rank": 78}
{"id": "pw_OpZllFsPHyazmo3NaKg", "rank": 79}
{"id": "01oUio9YyzViWUAjJR7azQ", "rank": 80}
{"id": "T50MiSd0Hyso6uM2X2wixA", "rank": 81}
{"id": "-KOxqacVf8xAwSTZ5NFzhA", "rank": 82}
{"id": "4PPi5hbxIwzhbCQs9LNN6A", "rank": 83}
{"id": "bEXHNZAgPkjPneiylxguaw", "rank": 84}
{"id": "viMfGx8HnmzbhRrgmP-MZA", "rank": 85}
{"id": "JcncOo1AaqLsXyD_UorMJg", "rank": 86}
{"id": "GLHpzHmUn-rgAZ25l_6Mag", "rank": 87}
{"id": "C2bTcpIQ6Dg2ewNm2LVmcw", "rank": 88}
{"id": "K-WwYcBwpE_SZXBdsJXk6A", "rank": 89}
{"id": "wLfXCVreJRduYFIMCur7tA", "rank": 90}
{"id": "OSopOaOuNhV3KvlGqUB5dQ", "rank": 91}
{"id": "RTnKCplEInzSLrJ8juszNA", "rank": 92}
{"id": "JN1FxH0CZhwNpGi-XZ7L7g", "rank": 93}
{"id": "AUAuYKpSpBLvVgB_m7gHFw", "rank": 94}
{"id": "lj5Ytq0meHcwtRzD9tApKg", "rank": 95}
{"id": "0fPY_-OR54k01vp2viBZUw", "rank": 96}
{"id": "0RBjtxjQam2flGrV_Gd8PQ", "rank": 97}
{"id": "fEqQiof23mqlVfVqkzE51A", "rank": 98}
{"id": "NlofY9xnGbdafOI2W_ersA", "rank": 99}
{"id": "p5xjR_SmgfGjxOqBHqSzzw", "rank": 100}
{"id": "jovfyVe4qtV2SwWrYsv8FA", "rank": 101}
{"id": "l4dI-Fz4MAqcSXfhYAHMzA", "rank": 102}
{"id": "R7SBJt0Bp24Ol7lt5u7KqQ", "rank": 103}
{"id": "rSFPiRmEmqjPVILiX_eZww", "rank": 104}
{"id": "OpX1g6-ogrmB24MMJhZ4NQ", "rank": 105}
{"id": "v9dmyOtmgUXIpPeM6-bAtA", "rank": 106}
{"id": "R8BbKRb3QiqQRBl6Wn3AyA", "rank": 107}
{"id": "IL5CUJCdihG3ArmUStQx2w", "rank": 108}
{"id": "TF3eyveJ1qSlTdgIUvMuhw", "rank": 109}
{"id": "ZwNoNjiwQtN5-km9KucnJQ", "rank": 110}
{"id": "J67iuNxLqHcJunbpVgIqUw", "rank": 111}
{"id": "KZMjBLdsy-ut4OpPATqLNw", "rank": 112}
{"id": "0BsTP6BTN75vgRHnS2rFew", "rank": 113}
{"id": "NqUh2_k-GCImzVH_3cxE6Q", "rank": 114}
{"id": "GDy6omivNX-5Hr6t8q5XOw", "rank": 115}
{"id": "5-4Z6al5BJ7Z_9xD0CXQ7g", "rank": 116}
{"id": "Sr3YYhcuNe1cYWpo66xYyw", "rank": 117}
{"id": "siLx-rAnbaAQEFBOnQ1olw", "rank": 118}
{"id": "NRZRBTobxRWpRIegLEUdgw", "rank": 119}
{"id": "DaXbSk7l9MQykR2cupHUSg", "rank": 120}
{"id": "6-fZSCVZr1TGyYzMKn53Gw", "rank": 121}
{"id": "wiiqwMYdubxcmDMTH_QTOw", "rank": 122}
{"id": "WdEah0GAYWN2JfUEyXPIsA", "rank": 123}
{"id": "6ML2CbSt5PGqHtWC6aGRFQ", "rank": 124}
{"id": "iqm-ggbH2-XoJSEj4Q-6TA", "rank": 125}
{"id": "3sVz_HXUD8bifZ_msWsJAQ", "rank": 126}
{"id": "VV-dvISf6iMUB7P0rMLsRw", "rank": 127}
{"id": "5uRHP20j4NJQbr6L9ZwObA", "rank": 128}
{"id": "Z7p7iscCU05ZcxGkfW9aUg", "rank": 129}
{"id": "odrHoor542HypU0nVw4alA", "rank": 130}
{"id": "i0KflmuiHqth4X8oWx9ISA", "rank": 131}
{"id": "x7XrOdqFJTVPnl4ZaCa_LQ", "rank": 132}
{"id": "NY1GrjuVNShSxRF8vvsxzA", "rank": 133}
{"id": "kh86rlmMRKc_egYquKuasg", "rank": 134}
{"id": "Xbr-yD9p9oDRTi5fJQWHMg", "rank": 135}
{"id": "FpEuZuyoNkUsa50Hcs4C_A", "rank": 136}
{"id": "qq899LwW6WjzJz-0Brnrvg", "rank": 137}
{"id": "jLi2v2wMTy4mfXgjeHfsXg", "rank": 138}
{"id": "4FlS2kGPSQxMIuGTwX7p6w", "rank": 139}
{"id": "GGsCVZ_1kACWsqMA7UIqEw", "rank": 140}
{"id": "RWgw5ZIZPujul9BuO8f30g", "rank": 141}
{"id": "JscFeM4lw--yqbfNwAg-2Q", "rank": 142}
{"id": "FtHK1o9hKRRGaSV-kL4U0w", "rank": 143}
{"id": "fm7WRSXVWtb8SbyqvxyGXw", "rank": 144}
{"id": "QEnJ9btEy9kisXOcg6KHsQ", "rank": 145}
{"id": "2RzYtJflcV3FiYRM65FYuQ", "rank": 146}
{"id": "PxdsXCK9BOVyjDTwjcskbA", "rank": 147}
{"id": "YRCWxSFQLob2vrGrY9u17g", "rank": 148}
{"id": "JaTGQ9Tooh_oYm0V19sTvA", "rank": 149}
{"id": "YQJWQHKJwQOcbLIc9QrocQ", "rank": 150}
{"id": "WjRfuHtfg4AssY7F8L9x0w", "rank": 151}
{"id": "1slzQm90BtUx4FW0aa2ofg", "rank": 152}
{"id": "f8IMIdo2HX-MN_c_P8OX4g", "rank": 153}
{"id": "fJTYV2we_8g9vvG0_Hx-5g", "rank": 154}
{"id": "bAWB6zgbX6rrJcuzWMtVVg", "rank": 155}
{"id": "VOwNnD5f09UsNP9jZ5QpdQ", "rank": 156}
{"id": "GaKjYu3cxBp0gVPb0gCnzg", "rank": 157}
{"id": "7Y-GGLHhjjyyBexGpmLmJg", "rank": 158}
{"id": "uQSXosTfB-HjpP9PD2W0PQ", "rank": 159}
{"id": "qnJz00PIUL5LiMJIU35pjA", "rank": 160}
{"id": "hsz4sKpkq79AbrlpYy8lMQ", "rank": 161}
{"id": "BRLC6pL8Xgout4hTLTXvww", "rank": 162}
{"id": "c4d4cuzbiWdDPWvP3OETBQ", "rank": 163}
{"id": "T7y2JGmjZMLFNpFoYFnzSw", "rank": 164}
{"id": "Zod3ioGaEJvnMafCq5vPOQ", "rank": 165}
{"id": "ACo-F7pbWCpFmqF_89p5Og", "rank": 166}
{"id": "0bcO7ESlJEeRb7p5Ab904A", "rank": 167}
{"id": "IeMcQ2mWLpU90hjwAsMnSQ", "rank": 168}
{"id": "7SbbSvzhTjP0Jl9Xto9SvA", "rank": 169}
{"id": "G-v_HNFrirzmaJ0-EUSWOA", "rank": 170}
{"id": "f0hgx6RcBen8YsJ5ER9gHw", "rank": 171}
{"id": "nSOSHDs_uTDn3Kfn5m_t9g", "rank": 172}
{"id": "Q2Szq3XbNJeYbJB8IZ9dvg", "rank": 173}
{"id": "WQe8QdG5KgayIDJYrIDSHQ", "rank": 174}
{"id": "2ysmF7NSIJflIC193pHVKA", "rank": 175}
{"id": "JonZRIUuxmkBQnfaYEsMSg", "rank": 176}
{"id": "GfhQq9aKmqRJjbQKRrNN3A", "rank": 177}
{"id": "Rkf4TPnWWVz15jyi50EvRg", "rank": 178}
{"id": "P5nPVmy8rJEMNmaXguS40g", "rank": 179}
{"id": "MSgSkcp7xOQDWglvaEOiSw", "rank": 180}
{"id": "ZwTeS361D1VGuB8pvFSaJg", "rank": 181}
{"id": "rIDWt8TgswhSYA29I_cpQg", "rank": 182}
{"id": "HZqnnGXTHJmYek3Bba9XFQ", "rank": 183}
{"id": "4xvInBXZv0J0ufnM-lMjYg", "rank": 184}
{"id": "PaPdz77UM7OEqWownMF8og", "rank": 185}
{"id": "iGH6PFcBHmag4mx0OpsMTw", "rank": 186}
{"id": "6vpNuiW84qliVaEvMbMw2A", "rank": 187}
{"id": "J2dF8Qp2SepmBB-Y1NrS3Q", "rank": 188}
{"id": "hUZgkyZGyIfNC7FdTpxtmg", "rank": 189}
{"id": "BgMvWzfYTwlR1qFx2McDuw", "rank": 190}
{"id": "kqiU49CS1JxtJneVGa1wHA", "rank": 191}
{"id": "hYlg4MfgUoLTflE-ur4wCg", "rank": 192}
{"id": "9mhVa6140GQjBoM85KtI7Q", "rank": 193}
{"id": "dwUBPfXKAUz4pNZXXerdaQ", "rank": 194}
{"id": "k3tlGwl_GdufhFh24i6-8w", "rank": 195}
{"id": "FwoShPoSS9fN7k8SpA5Gjg", "rank": 196}
{"id": "YoTShKUOMGzwE3bnAwFaQQ", "rank": 197}
{"id": "BqboePAHeZROd4hA5F4tjQ", "rank": 198}
{"id": "S_RHzkdtRAmwJYdOsXkpXg", "rank": 199}
{"id": "r52eLXf-0FHEc2vEI1mt9g", "rank": 200}
{"id": "bxP4wul5LNckx2bLq-_2mQ", "rank": 201}
{"id": "WnNig60AqwjSHZN0m5w-xQ", "rank": 202}
{"id": "Hfslx6_1VkxQWnn9jty4HA", "rank": 203}
{"id": "I4iGvbevisBhe7uiZUfU_g", "rank": 204}
{"id": "3Gdqr8Nl2ZkDbhfj15HIKQ", "rank": 205}
{"id": "jqQovt1Fin5LMWvT8BMRcA", "rank": 206}
{"id": "Yh7ivlDK4CZeO7I_U-XniQ", "rank": 207}
{"id": "xYFKlVW4-ucwJvrbF4YUBQ", "rank": 208}
{"id": "Y_k0q1Hd1m0BsC5Cj8tABA", "rank": 209}
{"id": "iLYIihqWxGhUDmIVJXGnLQ", "rank": 210}
{"id": "5HsMT9xPS0PxTbZ_MsNzSw", "rank": 211}
{"id": "uOZNCZA1hxTLifuwDTUKrw", "rank": 212}
{"id": "aqMt_rWUnXRq-YpOpHLqHQ", "rank": 213}
{"id": "TrnUMOutyoS3CoGwBW8c9A", "rank": 214}
{"id": "wbC0WcIujRq2QHGYFxA4LQ", "rank": 215}
{"id": "hXdBeU2rlQfELl7NxPO8Fw", "rank": 216}
{"id": "OrIBxO6MnTUWDX5Gv-Us-w", "rank": 217}
{"id": "T15ISfcefXcBsKpeSHyTFg", "rank": 218}
{"id": "dr_mzNFUNWL-iXS2CA0k8w", "rank": 219}
{"id": "8g5AgahazuDkiisopHk0Nw", "rank": 220}
{"id": "UW1Ldy9BH2IZ-mAm9U_cfw", "rank": 221}
{"id": "NpRKf6AOaytNPrdgop4y1g", "rank": 222}
{"id": "FlV-eh63lv40x5gx-KC28A", "rank": 223}
{"id": "rRydtTGv4NqFdX51-ufqaA", "rank": 224}
{"id": "8WN268F3JehdSNA47Ym3pg", "rank": 225}
{"id": "Fsc9cbQknR78PYAxczNQmg", "rank": 226}
{"id": "_nA2w6-GTavID0xMjkk2EQ", "rank": 227}
{"id": "nvGfX9AIEcwa6mAmoUDW5g", "rank": 228}
{"id": "WHQEFvnJQq0x0QS0lEqJ7g", "rank": 229}
{"id": "WLDtwLnSwGd9KSBd2FLpUA", "rank": 230}
{"id": "cl0I_KE75Gb2gwQ22nZt8g", "rank": 231}
{"id": "usoI4sbH5MsGhTD1rsgh3Q", "rank": 232}
{"id": "I7a3Mwe-N59nVnfEQn_78A", "rank": 233}
{"id": "VAVkp8_w-1qwETua4Fv3mw", "rank": 234}
{"id": "afhmIPz0Ei8wnZqCBJD9eQ", "rank": 235}
{"id": "C2XAa2HsQgm89a1M9fwBAw", "rank": 236}
{"id": "kq2y5zdCxfa0W9M_2B5N4A", "rank": 237}
{"id": "MtC4XZ3QWE4GpNhScZhY3w", "rank": 238}
{"id": "FWd9noo8w2gTGDcqvGnbyw", "rank": 239}
{"id": "5cLO-jYQy5IXJGbJ9KcnKw", "rank": 240}
{"id": "kenqT6VKlVbUYO97Uea9HA", "rank": 241}
{"id": "L9-o8Nt-0qf4lMJh9SKIEA", "rank": 242}
{"id": "VeL3BkU8u0WC9LmdzEDMSA", "rank": 243}
{"id": "QOSXbZ3Hu2g4nO0NNmEs2Q", "rank": 244}
{"id": "5BP8jeOYthkuf4fCCBDiug", "rank": 245}
{"id": "lW59caHtNbJFj4JxrxeWEg", "rank": 246}
{"id": "YX4AgmM8pBQ_970etFGfOQ", "rank": 247}
{"id": "EswR_BWLUgvVQ8rmUQ_SZQ", "rank": 248}
{"id": "0HSJhVkHyflVy3yqp9lExQ", "rank": 249}
{"id": "x6FYE3WwVJLjZ8exTjDORA", "rank": 250}
{"id": "HKJg2vWjrk6T2Z4hg1eSEw", "rank": 251}
{"id": "_CKiiEnqAoxQRisN6Sxhmg", "rank": 252}
{"id": "FjKxDr0Vom0_ktbZE_Rs5Q", "rank": 253}
{"id": "ryI1sjkwkMWVyaeKnL2xtg", "rank": 254}
{"id": "koL1QznEQVprqwhv8-CTaA", "rank": 255}
{"id": "_vklv3dqD4xjCfPp3RGqjQ", "rank": 256}
{"id": "Hlk87_v10NfAQkCiDsKwCw", "rank": 257}
{"id": "-Jelztup1uJme-vBs1xEmQ", "rank": 258}
{"id": "dvwFKcD0Hpu5QvVffecIJw", "rank": 259}
{"id": "6WIipSIDVEQJnsSRjonqrg", "rank": 260}
{"id": "K7C_OzeT5RV-wCEdL8136Q", "rank": 261}
{"id": "itzMxHl8067yxbHRDhii_Q", "rank": 262}
{"id": "czxUdtQziEYxjCVL2PlcqA", "rank": 263}
{"id": "afoYWH6r-xASU3oCvawHpQ", "rank": 264}
{"id": "B0qoSOLF-NyYHxjHC-E_qQ", "rank": 265}
{"id": "Q94ZrlV2VQSlP0PFy1WNxw", "rank": 266}
{"id": "TECeLE_wDCB84bqOIQXePw", "rank": 267}
{"id": "v9F-6rsiZhuJg0l28ieqiA", "rank": 268}
{"id": "8DeV1PngDA16vYxZ8MFUJg", "rank": 269}
{"id": "uYzddFRQqtsmat1XL05smQ", "rank": 270}
{"id": "n5N8cGMRL4csKQI2l86wLw", "rank": 271}
{"id": "lXl4tWK79J0kZxQzAGYLpw", "rank": 272}
{"id": "Gc-XJSfLytaVg88OOcZj8g", "rank": 273}
{"id": "KCG3XE0OtTteAMAqwMJKjw", "rank": 274}
{"id": "kn7oTZFRm0EGIIKs_gsHmA", "rank": 275}
{"id": "VsnF7W6wyl-cB56o_jOkxw", "rank": 276}
{"id": "W4M9y8DXUFvbtwjckXl9VQ", "rank": 277}
{"id": "PRln5LXZUkYiV3sixdsZ9Q", "rank": 278}
{"id": "EDpTniGWvrMUJhFXEoF1Hg", "rank": 279}
{"id": "q5Fo1xjm-aWGikAvMjEvHw", "rank": 280}
{"id": "ZGv0Tj_rnK2qwenHvwskMg", "rank": 281}
{"id": "SfxjuS0ch72-qbNhV0d4Dw", "rank": 282}
{"id": "tJ3R7H-OLojcL0qEMDaPQw", "rank": 283}
{"id": "D1_u2g38qZ0RxjkhDTMgFg", "rank": 284}
{"id": "CtThNhPj5rj7UmiWC9wAsg", "rank": 285}
{"id": "U-AXqnUWyCxBWdYJlnIX-g", "rank": 286}
{"id": "mx5MqI_mfmXZYn5FSDS2oA", "rank": 287}
{"id": "tHNpOyOo4Y8sSeTUKifOug", "rank": 288}
{"id": "bECzN_EEcpA2fTSuTukyRA", "rank": 289}
{"id": "aT1gV6Iqvsa5p85Z0qaJEg", "rank": 290}
{"id": "4tiO5e76Q8bhEqVdgWBT4Q", "rank": 291}
{"id": "e35h7d4vQq7DdY3CeFok3w", "rank": 292}
{"id": "4asOQcnjtzmCtq8HW-XVFg", "rank": 293}
{"id": "mEFkh1k_bITqCD30s69pqw", "rank": 294}
{"id": "aTYID7MjcyPBYW0cG91hRw", "rank": 295}
{"id": "CtsGCtJj-hyPHFUzAqzScQ", "rank": 296}
{"id": "MtbJriFH_dXFll3eIiMWNQ", "rank": 297}
{"id": "7WWDRlhTKHHmlPFJe6GCJw", "rank": 298}
{"id": "ryVjyJKzw3vCrdq7WYWuqA", "rank": 299}
{"id": "R4UnNmF57lur84_8aIltqA", "rank": 300}
{"id": "PZuVytD6OAidrZlpbtodtg", "rank": 301}
{"id": "-m0omOTbaaN4zj7gmHwqgA", "rank": 302}
{"id": "GSBd66GMkom79NeJK4CqCQ", "rank": 303}
{"id": "INxgoY8zIyKAfneid4gCIw", "rank": 304}
{"id": "VbCOubR75EXpalgXBe-bug", "rank": 305}
{"id": "lZpxpRTqHJCf9_llmFyKKQ", "rank": 306}
{"id": "gA3tqyWgg7-GI7X0_JYu0w", "rank": 307}
{"id": "v2Ss8VFN37neeV5Tq39PSw", "rank": 308}
{"id": "cZbCld-ez0jMvw4VAf5nRQ", "rank": 309}
{"id": "WaNHcy8inWTYGDZ4Q_E6TQ", "rank": 310}
{"id": "mm8d7QaclPBUmgWb6XaC_Q", "rank": 311}
{"id": "fBDi-pUK9WIFQZ-e7Vza7g", "rank": 312}
{"id": "LHt_dlJGSqronh6AH0XVlA", "rank": 313}
{"id": "TvZpuGIzSJlZLUA7TKXCkw", "rank": 314}
{"id": "N2W2KlxQEz5GfSeX1eTwQQ", "rank": 315}
{"id": "c2rRoBc_VUOynyByv-3AJw", "rank": 316}
{"id": "WusF21wqGegCYiuTtS7_zw", "rank": 317}
{"id": "Gz52BANbC6po2CnvjRpsMQ", "rank": 318}
{"id": "qQGAL0gxqlaCrCwxl09XqA", "rank": 319}
{"id": "SQ7NW2vGFb2vypgLvRr7Gg", "rank": 320}
{"id": "VRubJSj2lX4hiAmvsbOcPw", "rank": 321}
{"id": "fzBEkufiSNpHv-X-T4To8Q", "rank": 322}
{"id": "9Nc_zsl8wTrCkvawTyK3UA", "rank": 323}
{"id": "QsHNG7jQYVD9D-EvjSrCHw", "rank": 324}
{"id": "yoisW9h1GdOrhbxdCc2kFw", "rank": 325}
{"id": "Hl6uhtGNampvIlE8BHz2mw", "rank": 326}
{"id": "MXB4rBMvIkWpyfO0Me1PlQ", "rank": 327}
{"id": "DHStxNaNoylLD1MNNneT7Q", "rank": 328}
{"id": "u2n63X-rbw0g5ShyBZKdFg", "rank": 329}
{"id": "_p5GcWJ8j60WC1_u6hUeTA", "rank": 330}
{"id": "CWc0cD1GMveToZvn4F5iYA", "rank": 331}
{"id": "nMsBHBw52Vk0pe8kGP1UwQ", "rank": 332}
{"id": "2KBoE0DGbStvGvp_SgApng", "rank": 333}
{"id": "4OMXIJrlZ7ilTk7r-y0FGg", "rank": 334}
{"id": "ZmxEw1pKwtv_cYkNkQdLdg", "rank": 335}
{"id": "7bdpvmmmxcbUbS89i6IrnQ", "rank": 336}
{"id": "QoICfTXROAmtnloMWC9g_w", "rank": 337}
{"id": "eOo3dtQ6yyWqVePJMQg8Sw", "rank": 338}
{"id": "45rDGODDNVK_Q8y1l9uTwQ", "rank": 339}
{"id": "ZGDoZBIkbqhEO6NAHjyfPA", "rank": 340}
{"id": "JHUx1FRRxEd5dnEyQbyCGg", "rank": 341}
{"id": "XTdQ-MsdQ7l3QfVmJOuQbg", "rank": 342}
{"id": "8IsBRh1jWCptH2j6nQVbvw", "rank": 343}
{"id": "LoUTyLx1zu0PVyke_2lWMQ", "rank": 344}
{"id": "jAKx2wQtk2D4m6DWqk2xtg", "rank": 345}
{"id": "cyXY6g9w20GZ7fMPoAnnaA", "rank": 346}
{"id": "yWYsB6fJ-pjlx6BvRSy_fg", "rank": 347}
{"id": "PQo6pnzW3tkVmeH5MpE_SA", "rank": 348}
{"id": "PS6DtFtHHXRhcE7WztlANA", "rank": 349}
{"id": "nw_ayCVOvPRaoBU_DKEqxQ", "rank": 350}
{"id": "9mikmtMH22oSKsYRDCMAJw", "rank": 351}
{"id": "LELr6dsNcbmsRnm3TBGouA", "rank": 352}
{"id": "j2V0ScsYS3E9XBNomlm2Zw", "rank": 353}
{"id": "jSdbXzGuS6cekzQQ6TiQAg", "rank": 354}
{"id": "Q-rdnY2oXwdl0qRUOx8NHA", "rank": 355}
{"id": "eSwVv5hHXXsfaX1BUvuBfA", "rank": 356}
{"id": "rWhVrXsP6DlLNQWbf6XVWw", "rank": 357}
{"id": "FUfFwDpEcGu5MgrmZIVFCQ", "rank": 358}
{"id": "50vhsZAcNJLSdrGnHJycjQ", "rank": 359}
{"id": "kWiTqbPI69YPacwdA0vWRw", "rank": 360}
{"id": "ZX_Z1Qf_ztrX2Kao9NlQPg", "rank": 361}
{"id": "-w1cQzsUMbEtNOG5vghIhg", "rank": 362}
{"id": "ouLjRiQYXg8n07f8-WfuZQ", "rank": 363}
{"id": "woifRaK8dmzGOY7actCoFw", "rank": 364}
{"id": "28ezFNaYynfW2OG3hCKkug", "rank": 365}
{"id": "AKPKz3em6ZKeEb0Ds_faaw", "rank": 366}
{"id": "wZOdkhjz1dN78hPgTjxJSw", "rank": 367}
{"id": "uhj5xN5JB4NE9EhDpaPl2Q", "rank": 368}
{"id": "r2qziQ3Hff_K4b51huqgIw", "rank": 369}
{"id": "02bAyl566umZ1PsHJpHIrA", "rank": 370}
{"id": "w4ZFRTiNIrFOEAqwOVLUJA", "rank": 371}
{"id": "8DCpekdoBfG5Y7gRH9HCvw", "rank": 372}
{"id": "kno9SLpNJh_jWj4OWhZXSg", "rank": 373}
{"id": "SCCjo7XleTnFT_wD6vW35g", "rank": 374}
{"id": "Hx-xUVwrLKpk3DscUY9xtg", "rank": 375}
{"id": "lXJl5s1W1iGfvFcq_8pWqQ", "rank": 376}
{"id": "T6dQaIDitNFzXn_k4hznyQ", "rank": 377}
{"id": "FwhxNAKgfumiBaBvWBv6ZQ", "rank": 378}
{"id": "McrQk1sY_9ZHAidW2csP6w", "rank": 379}
{"id": "iIX842_6_ymmgxeLSLE1_A", "rank": 380}
{"id": "2eXPIa9DkdYSfXmg43T2LA", "rank": 381}
{"id": "MDHMp-ZeDKJ4OXXwMLu1qA", "rank": 382}
{"id": "OuGJ3NanPAKZELWiAEuTIQ", "rank": 383}
{"id": "RGFQQBMI0yzi7pMCS_PZyg", "rank": 384}
{"id": "Z8izDK0BPaFWclHmeIX4PQ", "rank": 385}
{"id": "UWYLGn3BvpNlug-lB7R_Fg", "rank": 386}
{"id": "nreCakqXP05UBxE97YhYJQ", "rank": 387}
{"id": "KUCJzmtmQHUw02iliOSlAQ", "rank": 388}
{"id": "y-wlfEoPwcHCddvyo1B1Fw", "rank": 389}
{"id": "Y-9veVobZY_i3GfvNp8IRg", "rank": 390}
{"id": "GULP-01eHsso_2WxpwdMAQ", "rank": 391}
{"id": "z7Sh1qDd_euQDnvbnQ9Pzg", "rank": 392}
{"id": "qSiPHEZGf_P_TB4RsA8Wbg", "rank": 393}
{"id": "YmzDtAAPRtzqCHb3alG-Iw", "rank": 394}
{"id": "h-lFWJSiLbkGZ5Fr5aH92Q", "rank": 395}
{"id": "liATYKEu4qj_z5qPmzKWsA", "rank": 396}
{"id": "Ve9NCzJP800evNK5LoxrLA", "rank": 397}
{"id": "SnHqqCeMQGWDXmJ3ubYK_A", "rank": 398}
{"id": "PP-oE2UfOYaEnc74vM_DvA", "rank": 399}
{"id": "iXqsp_lsJ-IVGQfIKL2yzg", "rank": 400}
{"id": "SNg0QyqKQyqewRtQggJANA", "rank": 401}
{"id": "WnlWl1jfUqmOaddnj0ardw", "rank": 402}
{"id": "bgzA3fIQUnuwNpoBOPKkCg", "rank": 403}
{"id": "E_P6Rx28jereJDuRQ3LVaw", "rank": 404}
{"id": "5aJ70ZE70LWTShXeAJcPrg", "rank": 405}
{"id": "_KxsSm50Jx9Hd3BaIbdMvQ", "rank": 406}
{"id": "Oq04J2aQbPo9EJ04-Klceg", "rank": 407}
{"id": "7RRXJXUA3m6ytvoQAeHnaA", "rank": 408}
{"id": "w17OlobI88YK4lrFHdXf3Q", "rank": 409}
{"id": "VmGzAd_Bm7_-rJAujWD5yA", "rank": 410}
{"id": "bKy2QlL2m6YQqJn_nQZ2Sg", "rank": 411}
{"id": "ZIlXu1TV69PnwtGrKH9z2w", "rank": 412}
{"id": "12k6Uk3HT24vu5M_OG5Jcw", "rank": 413}
{"id": "vghh193AxpdPEChd2iG9qQ", "rank": 414}
{"id": "J8sW_ulsHi9zTh6P8rig-g", "rank": 415}
{"id": "xDxz_zB8qtjl-WXhaHdYyQ", "rank": 416}
{"id": "3Xn8btov2TY-_97Xo9NaBQ", "rank": 417}
{"id": "GRKAOhu7Z90PsA-rjE38mQ", "rank": 418}
{"id": "_O-MbuYP6DxQxfQb0ViahA", "rank": 419}
{"id": "g7YJTz8MnoYkMtJqA-RfEw", "rank": 420}
{"id": "KE1m50orkvvfCZ4KBZNfIQ", "rank": 421}
{"id": "z6bJap3foBI2nHQhg6wZKg", "rank": 422}
{"id": "WlzFXBNR8SgDO50zPotV1A", "rank": 423}
{"id": "prW-sSgYBHgu8RG9OqPn0w", "rank": 424}
{"id": "zvI9RRTz4VQ-GbQKX-B2XA", "rank": 425}
{"id": "sTJaROEzpumM9hHUcOZXEw", "rank": 426}
{"id": "BspZtKtOZfi57-MPz0mOJA", "rank": 427}
{"id": "8BjWC8pzii7bD1ooOd_gUw", "rank": 428}
{"id": "FCwDrRVSW69eyKzycoRHlg", "rank": 429}
{"id": "r3ZEbZF6LBlBnPv3fubKKA", "rank": 430}
{"id": "edYb4jNwhmqnPbIxMDQKaw", "rank": 431}
{"id": "WOq-_aLUq4QiUQYn-6MoZw", "rank": 432}
{"id": "VI1Jk9j2IBKL5EITWj0Dmw", "rank": 433}
{"id": "GiSbuYOMUY9uaSHcwzepHQ", "rank": 434}
{"id": "jKejUUteLKm8eRCuRhvELA", "rank": 435}
{"id": "05d6QDnXtwMKwyO6xlpR_w", "rank": 436}
{"id": "LOs8jUfoEoPQoKPCEl4I4w", "rank": 437}
{"id": "EiEO8Tr7yaWb3QytaIOzsg", "rank": 438}
{"id": "-kht2_CY0oEeBNgiUyY0aA", "rank": 439}
{"id": "hCGPNRCyBoyAY65Gz8QBfQ", "rank": 440}
{"id": "ZYBTAnr4cAZ5zB31x_b0vA", "rank": 441}
{"id": "eNVHMvI6Y1vaHb1viOYoKQ", "rank": 442}
{"id": "-wFY8X71KbFmg9nJsGX73g", "rank": 443}
{"id": "OLp9AV0PbGdQcEUwEgjhgw", "rank": 444}
{"id": "n3yY5VcX6X1HT4OncL-3bA", "rank": 445}
{"id": "UeJ7DG1tzxYtfr07GBhX5A", "rank": 446}
{"id": "4ZcbSnHURj-RpYicBgMF1g", "rank": 447}
{"id": "Zo5HJjsWAhETRPvO9tlleg", "rank": 448}
{"id": "1WLRWq0NWPXCeggIx86qWA", "rank": 449}
{"id": "O67YJygNyzYQGUqATIG_ew", "rank": 450}
{"id": "l0blk8T_krY4blErL77oJA", "rank": 451}
{"id": "1W8N6o9tqNxEhUms-jPWbA", "rank": 452}
{"id": "Ivwkyxf-7KccAveAAuegqg", "rank": 453}
{"id": "xI9-lXUwT3QZgJ-e9YrMqA", "rank": 454}
{"id": "Z-3Sep6kIMDDiSqNj3TZog", "rank": 455}
{"id": "m87qqMnVknXE6JXjQQ3h-A", "rank": 456}
{"id": "EvDIj591z8QEIiYxJfmFvA", "rank": 457}
{"id": "oRoZEzoiL8zx47SV3f0sLA", "rank": 458}
{"id": "X7Cm6w0mIrDW2ZoqsgGiTQ", "rank": 459}
{"id": "SjlMHx8MWDCWws2IJarrHA", "rank": 460}
{"id": "pn13eah5ItsqjXm61OMQwQ", "rank": 461}
{"id": "Ah_-jHXsygHxBvoawpuOBg", "rank": 462}
{"id": "lcYWWWI9zJ57pRGhYOImmg", "rank": 463}
{"id": "-uC3lfXwPXQpOEIoAoUfdQ", "rank": 464}
{"id": "YsbbuBhYmgmULV4zI9RG3g", "rank": 465}
{"id": "afil2CIPMdO2zKMcnciy2A", "rank": 466}
{"id": "HNm02IuMM7KSNxQLeFUbLQ", "rank": 467}
{"id": "Qvht8NFB9s8tCUrnCG48Ng", "rank": 468}
{"id": "iKc3ZlBSt8iWl-lKgNxCUA", "rank": 469}
{"id": "Hi0PJenQpC5CxbR1JM_YwA", "rank": 470}
{"id": "Caizx_CqjX1su1sgOb6qjg", "rank": 471}
{"id": "0-sYhENDlZ1aPWEZ3fScHQ", "rank": 472}
{"id": "S2o_USYSRcXZ6bkAeQRuCw", "rank": 473}
{"id": "qNcMJUv55_w9-pl_pNV7cQ", "rank": 474}
{"id": "gAunV829CnFzY15AX08glQ", "rank": 475}
{"id": "FFxgZa761PNkkoqHQ7DRIQ", "rank": 476}
{"id": "FpnMXpXpbUFsKTXsgUcq3w", "rank": 477}
{"id": "0UjDwkqyT5FaI5s4uxaxBQ", "rank": 478}
{"id": "Pab65GuMb0BFQ2W98JXBWw", "rank": 479}
{"id": "g4e-g9ht4QLS15yU-5jO5A", "rank": 480}
{"id": "KrA1pmfS_RYv9pGRNJhE7w", "rank": 481}
{"id": "gyIf9aU_a3aeCZMfyaj4cQ", "rank": 482}
{"id": "qC4pffAN569oRrVF6_Ai9g", "rank": 483}
{"id": "8O08Vrzx_kDAsm3j54rmGA", "rank": 484}
{"id": "hEvhoyDYIXoICcVtzBIuGA", "rank": 485}
{"id": "kkdze3cRDhFyzNOtboESyQ", "rank": 486}
{"id": "q2khz5b67A7m4O8ii7QCzA", "rank": 487}
{"id": "O_IX2aZrHvT6i8n1OxyjKw", "rank": 488}
{"id": "L4uED8eVOb8UqHVp80PjfA", "rank": 489}
{"id": "k0_08KanZoN5e9xJ7p1OFw", "rank": 490}
{"id": "BDFSq8-03sFonrvg9ZEaWA", "rank": 491}
{"id": "CMBmfRtSyPbOY3YKYivYUA", "rank": 492}
{"id": "MPBUxaLycza9nHD1B3PY0Q", "rank": 493}
{"id": "vz0lTZAJzW25nP9QjCc-4A", "rank": 494}
{"id": "WiwsiKNoJxp2-osNI_SMOQ", "rank": 495}
{"id": "fhpAKZliWnQCG0sFIiS_FA", "rank": 496}
{"id": "MCIjDMQpo5rcfMcdkTbgaA", "rank": 497}
{"id": "UjuQF2tHTGxbSZKNqDfpFA", "rank": 498}
{"id": "HSgnu8-6QVntR5Vrw0MBtg", "rank": 499}
{"id": "neZslQgksWvGc2MHG2tLSg", "rank": 500}
{"id": "bgURDxMCURc0Qls9phH7KA", "rank": 501}
{"id": "CTcxjKWlDigu7xDm9TRroQ", "rank": 502}
{"id": "hYIwfKeRFk6mAAo2VyiCrA", "rank": 503}
{"id": "ahKQ1oxiWeF8_VQwetMhUg", "rank": 504}
{"id": "Oad5q9RwDVNrdLB0Z51cqg", "rank": 505}
{"id": "fPTJhwSPDOuLojHlMcIXag", "rank": 506}
{"id": "jq5r7RgQE960DXmTj0CaTQ", "rank": 507}
{"id": "z4vls3anUv9jzgAnsziPdg", "rank": 508}
{"id": "nS6unzktAEq4iFlEuccCTQ", "rank": 509}
{"id": "pwWnx6YyGfq3JU7iVkUUcA", "rank": 510}
{"id": "PsPO976etx4-csbz45DiYQ", "rank": 511}
{"id": "-Wqp6yrtuBlW2DD-9YcLnQ", "rank": 512}
{"id": "SqUcfUfghzsS2nqzkNOi7A", "rank": 513}
{"id": "66FFd7q88EMn0_K7Mt7mVg", "rank": 514}
{"id": "ak7oWvanJP04dUD1qoNF8g", "rank": 515}
{"id": "MAGx_QD2Y-GprRqkSQuXRQ", "rank": 516}
{"id": "n9ANAtqb6BxDa_o8xKYnqw", "rank": 517}
{"id": "N4VlPCjjWtb3oJm7j_vqEg", "rank": 518}
{"id": "r83CFsPg_3JVIm0DqWIqNQ", "rank": 519}
{"id": "lLXh24KI8x0-ZGBlWoRDdA", "rank": 520}
{"id": "aabKQKCpWlVIh2Adqxhu1g", "rank": 521}
{"id": "swIsExAUT3rVw1GMfqByaQ", "rank": 522}
{"id": "J41z5WhK8EYTDKCpyU7Txw", "rank": 523}
{"id": "H3IrQvhtAqVpUIyaUP-xBA", "rank": 524}
{"id": "p1ockybj8bf4tckXfJqTpA", "rank": 525}
{"id": "HWr8_EriFcujOVYmhNc21Q", "rank": 526}
{"id": "WBNazi0hXsw-Nsa3OWXOpQ", "rank": 527}
{"id": "lckMO_bXAKBMCqwGQRh1uQ", "rank": 528}
{"id": "fkz0H6DwOChCiteX1DTRcA", "rank": 529}
{"id": "bEfgU7NrSXsZdTU8pQuTbg", "rank": 530}
{"id": "S6sVqfO_dMYmAmA7SJ5iNQ", "rank": 531}
{"id": "OuJc4miLV08RffAn22dJtQ", "rank": 532}
{"id": "bmtmhshOC8-wGdjvPcR7FQ", "rank": 533}
{"id": "mfcBU8ra5O5RhRm1WtBwpw", "rank": 534}
{"id": "nRppqFxH-CT-9FHGUDeWOw", "rank": 535}
{"id": "b7vX1Y5qp01uekCu-YJJ8w", "rank": 536}
{"id": "B6jkv7MsVVMeChAbwlrz-A", "rank": 537}
{"id": "_etUpcPSDz5vNB7Fjo-Daw", "rank": 538}
{"id": "r7B-gUsrVjUMn4dKiFmGsA", "rank": 539}
{"id": "r3Ve4yREDuueoz7oKYP_MA", "rank": 540}
{"id": "qEksxZJXputMoEf21I0VSA", "rank": 541}
{"id": "Il_hNJ00Vo1NuvJGLd82LA", "rank": 542}
{"id": "z8js4HLljeO0YkCuhTHKuw", "rank": 543}
{"id": "rhdGzrW4Ng3fINp77wD6eQ", "rank": 544}
{"id": "Dta8APKj4AcLjHy0uWWohQ", "rank": 545}
{"id": "TQ-rkPc-sOHCtLq0Y6s9cQ", "rank": 546}
{"id": "oJAPJrl-pIKE-e8Gen7ZBQ", "rank": 547}
{"id": "9-HCLI8Vwy6rZtBXYf83xA", "rank": 548}
{"id": "G_4HwZXUj_8r8F0KNHXBIg", "rank": 549}
{"id": "C7wzZB3Rrlsp4E_p-Uqwmg", "rank": 550}
{"id": "3oDQ7dVGVooPkwCYrkESVQ", "rank": 551}
{"id": "5ErJ8gELBBzkYpiFieRE_Q", "rank": 552}
{"id": "YQPANCI9WJzVk8zCHiO2Gg", "rank": 553}
{"id": "f14GqWuFAsoVY36eEn6GNw", "rank": 554}
{"id": "ND6CBJFFYjuuQYzDgDDqHg", "rank": 555}
{"id": "6DFE_Vp_vOlX01xEI3cvYw", "rank": 556}
{"id": "zIbo9NtCehaF3SWYKac_eA", "rank": 557}
{"id": "_fEteNeFDe2GRCSHvP-KmQ", "rank": 558}
{"id": "7fAuzc_XuId0e0X4LHeWZA", "rank": 559}
{"id": "VJiIS7V7y-fVku0sZab3WA", "rank": 560}
{"id": "K_QdgJecKnKBUu80_K_eRQ", "rank": 561}
{"id": "obhXkLdDrMWWmP0IKfNdZA", "rank": 562}
{"id": "dk5na1X-pzdR3vooZmS7aQ", "rank": 563}
{"id": "3-pW0__punTg1KhN4XE-rw", "rank": 564}
{"id": "jB8UbuU6UdrES0de6PaQew", "rank": 565}
{"id": "hgWiZeN7iCRYE_62KjcFNg", "rank": 566}
{"id": "v9tWRdf0w5Ut1W0NPX76Zg", "rank": 567}
{"id": "NL4nq7xcWZ7hx_30gwDI9Q", "rank": 568}
{"id": "-TbSD72kgUAl3Z9UpyXi7A", "rank": 569}
{"id": "jTRa2cK07vX0S4VQmexWMQ", "rank": 570}
{"id": "jqMmcTjvevFArxSQn2BSLw", "rank": 571}
{"id": "ro1xAsws8VwaEeW9TXQX_w", "rank": 572}
{"id": "ZCIhFSdlBygXCbw2XtGG7A", "rank": 573}
{"id": "7eonghOOwcglftRSACIP_A", "rank": 574}
{"id": "V4V7LFTXnQvN1n23B6605A", "rank": 575}
{"id": "FsBvxNONwfWrB98nggrNOw", "rank": 576}
{"id": "3c4vYR9p7iqrXUrh-dGw_w", "rank": 577}
{"id": "Jl3hkgNjoE6ENhozHRxtKA", "rank": 578}
{"id": "hqnFBLPIJzpNgmKDAF8ySA", "rank": 579}
{"id": "reBksrrpooouGjPbdf5Vwg", "rank": 580}
{"id": "4pxf07joagixfhI-REzlWg", "rank": 581}
{"id": "RbMK-moK8Ge3g64S-FeZSw", "rank": 582}
{"id": "koaIToLDacFZqDjfK-TEcA", "rank": 583}
{"id": "gw31zsHaGiuMEGzDzyumIw", "rank": 584}
{"id": "EiLn3Fo4WrIp7n8J_jC44w", "rank": 585}
{"id": "fAeldhQu55TJklL8Y-PkTA", "rank": 586}
{"id": "i7d7-uHkVHZAsBvRvHcMBw", "rank": 587}
{"id": "63VTiKuxNyO39I1a9kQsgQ", "rank": 588}
{"id": "iNPzQbteNcElOvStLdTraA", "rank": 589}
{"id": "hxs20kkLWoL9Q6AjQrLsIg", "rank": 590}
{"id": "1PMmPuwLOFnl-n3R1tNBHA", "rank": 591}
{"id": "UljxB7ckjU935PLQEN4_0Q", "rank": 592}
{"id": "A1CsKsTpNFMAVQ9dMMpnlw", "rank": 593}
{"id": "9ENnjG5EnMFA5smuzpiZyw", "rank": 594}
{"id": "8JVRr_u6GGyLoyzWCrbm3A", "rank": 595}
{"id": "wpDA6sOlqMuoA5A9lCXq4A", "rank": 596}
{"id": "9vNpUU9iPc5bH-2_BiBRuA", "rank": 597}
{"id": "u5tnthtilgesCLg_txmokQ", "rank": 598}
{"id": "Ghjoz3v88u4bh6TjoARIMw", "rank": 599}
{"id": "ZOZyPRN2rkwWI7lzzhku2Q", "rank": 600}
{"id": "u4r8YwVoNK90lAqurD1Irg", "rank": 601}
{"id": "2V_1hmvATkbjThBUaqfc0g", "rank": 602}
{"id": "PijSNAj3uW3k1OaLDAT2nQ", "rank": 603}
{"id": "PlMSc8e_eCHqMJmvaCBTvg", "rank": 604}
{"id": "L38HzKauCxiRpQIrv1Lfag", "rank": 605}
{"id": "BpWfNoRtnEdV8Gh8-P-ACA", "rank": 606}
{"id": "d7Tce508vw9FtbIZhzoIbQ", "rank": 607}
{"id": "N4ZpmPxGCP9_5EwW25CAJA", "rank": 608}
{"id": "Bn229hLmdS5-lqh5Khfp3Q", "rank": 609}
{"id": "KQy4csYYqS-JKMKLkvmJRQ", "rank": 610}
{"id": "lIMy_PzUi-wToF7_OogM8w", "rank": 611}
{"id": "q963hdXcveoMqjT_kFWq8Q", "rank": 612}
{"id": "KtqJ9q-ue4Gink2oSvZxyQ", "rank": 613}
{"id": "TjXsAhMR5r93sYmDmfeGcg", "rank": 614}
{"id": "dxo7CAVFu9AyVZooPVfCJg", "rank": 615}
{"id": "PJNVlm3gQ2eqSX1rFQO4Cw", "rank": 616}
{"id": "lZSf1aSy-y3OHk7Fq24b1w", "rank": 617}
{"id": "UOURWcpgBC2pJjdDgSppag", "rank": 618}
{"id": "j-kcH2fq_TYoy9uihqTv4g", "rank": 619}
{"id": "t7XKIzVwY9BnWz3asvJqpg", "rank": 620}
{"id": "I0OHKN3tuqq2rMh9fwZTMg", "rank": 621}
{"id": "fFTzAZw_W-ehks6ccRNt3Q", "rank": 622}
{"id": "6thJwYZalw5UWZQ2YsRttA", "rank": 623}
{"id": "zB40lX104Rdy_VtSVwU_YA", "rank": 624}
{"id": "omKd_n2y94xvR449aUZ26Q", "rank": 625}
{"id": "3pnIr7OhFmc01xRyz3KsWw", "rank": 626}
{"id": "C2BjjIesA_EEt_g0Tt3vnw", "rank": 627}
{"id": "CJOKwjiyzeRQrHyrFSkqOg", "rank": 628}
{"id": "sD-BdhR6KZrH32VAWx25Iw", "rank": 629}
{"id": "DhIXyV3uEvbBa8Xd546ukg", "rank": 630}
{"id": "zOQ2v8kqbJWXBgEiMY9kdQ", "rank": 631}
{"id": "RQeKhM-cadgK6VtIwWa0Cw", "rank": 632}
{"id": "49PMs7OS4JHunIiZh0ME9Q", "rank": 633}
{"id": "W1cHv8kFAt2UEe3MuXoIiw", "rank": 634}
{"id": "Gf6DewOeAdoiOyS4-vYV6w", "rank": 635}
{"id": "yLfDjUaRw_97TTlAwwokYw", "rank": 636}
{"id": "gmi0Wn68VbQlkXb1TkJ-Tw", "rank": 637}
{"id": "f110D1f7PqWEo4nCLZPK5g", "rank": 638}
{"id": "_zvw7aVGkkiQGSvIGnM9Kw", "rank": 639}
{"id": "xczzkdh9gHpqfkpOt0MB9g", "rank": 640}
{"id": "FQz5ZBM8WmL25H-ya8wxlg", "rank": 641}
{"id": "0CFvetu7r_3FjmflG-DCGg", "rank": 642}
{"id": "JVUcKubC8M6VZHoschdSKQ", "rank": 643}
{"id": "51Lg_HKrBniyyqH3yvN9TQ", "rank": 644}
{"id": "VaDPHtSULuj5GY1eDiqP6w", "rank": 645}
{"id": "aDhWPTVt7Oaoa5Yn3oPu0w", "rank": 646}
{"id": "SSjeLMR7sbTeiMblEPTeOQ", "rank": 647}
{"id": "3lZmEr_cAnx843RTR3Hnhw", "rank": 648}
{"id": "Ldwqu8sRnzKbkWH-NJjpFg", "rank": 649}
{"id": "kFo_9ceHU_P_j-oUSVe-gg", "rank": 650}
{"id": "7by7um2HC4bdZpI1XqK6lQ", "rank": 651}
{"id": "PYwEy60vGTuH4YFOeNZbQA", "rank": 652}
{"id": "y6FiE_r6yIUoOV6m9RI3EQ", "rank": 653}
{"id": "yXIWGKyErIqIrDEcmJgzAA", "rank": 654}
{"id": "nvgKDUxIs-O38rW6Xry-Mw", "rank": 655}
{"id": "gsz7G2AeeoqLQMQ756XXXA", "rank": 656}
{"id": "RWkhRQ76y_wmCpoOGbX5hQ", "rank": 657}
{"id": "PFKxD5LIPDXgfkDI3mN4YA", "rank": 658}
{"id": "-2JOkhaS9WRAJiFhELCzMQ", "rank": 659}
{"id": "Ote81e9Rv9LRl0X5ESgUnw", "rank": 660}
{"id": "FT5j4Btch7KpEk0wSBZpKQ", "rank": 661}
{"id": "vMRewXQZZtdQOBHAK9PylA", "rank": 662}
{"id": "tYXHq6djKNuaukVr3C5VmQ", "rank": 663}
{"id": "kPBJlGIYXTb5UCpu5YHF_w", "rank": 664}
{"id": "k0luLeVfhsmn6999TEsB4g", "rank": 665}
{"id": "IZhCYCsTjk4ntQagH9Jd_A", "rank": 666}
{"id": "bPgIj3OGYScMmlFXvoDfiQ", "rank": 667}
{"id": "Zx61hQIjVR1mDSwZa15A1g", "rank": 668}
{"id": "Tr0q-HBQ-ypSH2Ktb9--3w", "rank": 669}
{"id": "AZChLz30NeMxq0SSy9jVeA", "rank": 670}
{"id": "th_5rvsbPKf4j5HHQsIwvA", "rank": 671}
{"id": "d175wgry-wG8hQFPBXF32g", "rank": 672}
{"id": "IAAn0BvElTr1PdIlNWreSg", "rank": 673}
{"id": "UBdojNPKAezKAKSgkosb7w", "rank": 674}
{"id": "ldrwetNEA76ahy4SaGSS_w", "rank": 675}
{"id": "xuDZP7G08t2Xnfy7ULfypA", "rank": 676}
{"id": "lRT5jGI7WLtNvYzJOJ6otA", "rank": 677}
{"id": "ZIttAAifLcpljUUvWVjhLA", "rank": 678}
{"id": "f6o-I-Ty8qOr1WOMDSVlsQ", "rank": 679}
{"id": "bHObxdtrwpzD6xs28iP6mg", "rank": 680}
{"id": "H4Z1LB4ZyJGO8Nn3t1TQSQ", "rank": 681}
{"id": "rO1TgF7K8VulKfcOxTZvsw", "rank": 682}
{"id": "zcQABbSRlonJfsPCpTwIxw", "rank": 683}
{"id": "j4likBUTS5TcSbzcYGsDHw", "rank": 684}
{"id": "nALlKTb19MXiWPyZQqCTSA", "rank": 685}
{"id": "zoIJUnG0pZIeNtVzVxZeaA", "rank": 686}
{"id": "mBrZcZ0_osT8R_ZomozKVw", "rank": 687}
{"id": "Vh44lapydbo1wzvxnYJkig", "rank": 688}
{"id": "FfDmGmzPQr19Db5FFZUWQQ", "rank": 689}
{"id": "abZKL7VJUjJ5SZjW-p7a0A", "rank": 690}
{"id": "bVQVM_MGoEbQqVsI1JVEjg", "rank": 691}
{"id": "UufVV0GYs5bQsK_COKw8Hw", "rank": 692}
{"id": "IwAWrjLx0vR02_N5amL9UA", "rank": 693}
{"id": "SS1eQ1ApdH7AtOgEyq3bPw", "rank": 694}
{"id": "eMXykh__pWAngDzC4WnZ1A", "rank": 695}
{"id": "Nm123alF7i-P-LrYx6h-cQ", "rank": 696}
{"id": "u6cekdqk3tsu4PMNXnVoyw", "rank": 697}
{"id": "KqayigmkZK-fD0awCn12Xw", "rank": 698}
{"id": "4_cJuHQqVfPyh3qJi1pBCg", "rank": 699}
{"id": "fB1b-ZF5DEZyV0w_VOX1-Q", "rank": 700}
{"id": "jFMcJZbIJDUn-PK3ZvXmog", "rank": 701}
{"id": "zHlLT9OxuURJ9dNW63Ufeg", "rank": 702}
{"id": "SS6QsmX771hTDo2mQVUOQw", "rank": 703}
{"id": "KrHM6Aao-vyr-bVKlDf3RQ", "rank": 704}
{"id": "uOpq_GdwlQqH4JO8MijeSg", "rank": 705}
{"id": "OcV9vxMdm9tsx0SNakk-Pg", "rank": 706}
{"id": "57hjZfUtxnOvk0Zo2OElWQ", "rank": 707}
{"id": "KoS5FI767nR2HIuDocPvag", "rank": 708}
{"id": "et1DKmI_3c4pXhyP20ZNDQ", "rank": 709}
{"id": "mqGZFRzEbTMswjy2VXY_hQ", "rank": 710}
{"id": "CKQPnrAzRTKGk3MDwgweUg", "rank": 711}
{"id": "iLLjlyeETcGvdvOpMXzCBQ", "rank": 712}
{"id": "kIrqKe3-C-zeUxDnXcmmXw", "rank": 713}
{"id": "WtoU1IEs3vCx5y8dbXdebw", "rank": 714}
{"id": "tMqf5IGtn-P1hgfdmxT7ZQ", "rank": 715}
{"id": "EPS7YQSb1fa_PwXuVfutCg", "rank": 716}
{"id": "UdAC3mKHXr3tJgVe_EMZSw", "rank": 717}
{"id": "uXG1tmlglUoLqgFTwxcn8w", "rank": 718}
{"id": "8ROUdYGMrOgPW7B-Xs0dNw", "rank": 719}
{"id": "s1KPDhv29yHwpwyb8hEzvA", "rank": 720}
{"id": "UhyJcRITHv3h3HBIyyrfhw", "rank": 721}
{"id": "bfRCt1Q7ajUcR2RTZAGLDQ", "rank": 722}
{"id": "dLm3kn_z2Uff2dY_ERsGSA", "rank": 723}
{"id": "A_oIeH6mcwtTV5eAaIA0UA", "rank": 724}
{"id": "3zawUpJAG9kvMGsQIBhPZA", "rank": 725}
{"id": "5IP2ODTWYz7WjCOZxyBlIQ", "rank": 726}
{"id": "VozowKJvOlSgI86BCpEP5Q", "rank": 727}
{"id": "Ci-9njuvvNSEkZunHBbpkg", "rank": 728}
{"id": "Hn8wDZBsRXdFzVEstELd4w", "rank": 729}
{"id": "CPWHO8BPEgZLH_m6L0gEwg", "rank": 730}
{"id": "pIbeU9-t9ZWHw3TJCChe0Q", "rank": 731}
{"id": "-7QJu31K0kip9MbJyZS9nw", "rank": 732}
{"id": "hyVbynWMZddEHtSsJ_wVEg", "rank": 733}
{"id": "r2J8uJrYt5vf3i-yumj9ng", "rank": 734}
{"id": "E3bzbYWLkoJm_DHTA2ELIQ", "rank": 735}
{"id": "z2JClnJazu_Io4OvxSbLsg", "rank": 736}
{"id": "m0sS641Y1U4gSqE7sdST7A", "rank": 737}
{"id": "xOH0ICFyhl0J7BGX_1hYxQ", "rank": 738}
{"id": "iDC5caJfiKqHQtZzGGJ8jQ", "rank": 739}
{"id": "qa_YberEk5mDAKkSecEJOQ", "rank": 740}
{"id": "rE-khbysJaoO4KR9YaTLSg", "rank": 741}
{"id": "YyEeDXg1KLvFyeUvlBFRuw", "rank": 742}
{"id": "6_eLASvxWdk77SZX1yhl-A", "rank": 743}
{"id": "ajEwLJbC2Lw2LXnsp9b8FQ", "rank": 744}
{"id": "VSPPZtq9mvSdLIe63J8gfg", "rank": 745}
{"id": "-M1ZrCL_n1fypCH7hprwUw", "rank": 746}
{"id": "1x1rYT9EuCKt59jXMWzWdg", "rank": 747}
{"id": "YaVwFqGh7cJ9LyYcVEulmw", "rank": 748}
{"id": "-l0tx7HVJUCE0MJfWRTFyA", "rank": 749}
{"id": "wmQdGI551-kXvyTzEL9y_Q", "rank": 750}
{"id": "sKgbh5Nm_7I4KR2yvdB_tw", "rank": 751}
{"id": "m-CDKSzzTMm1FCxhuodLEQ", "rank": 752}
{"id": "MvvQLTDid8i9rXn6N8U-2Q", "rank": 753}
{"id": "4o-KSGSYeVSWm1p5IyXM7Q", "rank": 754}
{"id": "U-UUb7KdMv1jvLyhoWNTMg", "rank": 755}
{"id": "_YpG0v1qNaIizshGqjyOjw", "rank": 756}
{"id": "JprMu_fMug9XQXMMsxyEFw", "rank": 757}
{"id": "rMvjypBsbBLwJOrnNJ49-A", "rank": 758}
{"id": "pOaHQ9xeg4e-FTs9xW3HjA", "rank": 759}
{"id": "ACUY0POeTuPUEQnCXzAXkw", "rank": 760}
{"id": "Cpf26i52Coje1j_GDUEvUw", "rank": 761}
{"id": "5NhsCCSYQ9oCbFxXkuodkw", "rank": 762}
{"id": "oYmS9C0cVEiwZBZOau4UVw", "rank": 763}
{"id": "PVfOr-cvk2sdNvEg9syCAw", "rank": 764}
{"id": "exxg8M-RSGMkh-euUXk2Bw", "rank": 765}
{"id": "tP1hcnKgBYuQ0-CXlvUPRg", "rank": 766}
{"id": "DiJdZvEBEha1MW1zj8Lm7Q", "rank": 767}
{"id": "BBtmm8mJlhAWjufcErZxgw", "rank": 768}
{"id": "CTwfXxuaY87gipTacVxsng", "rank": 769}
{"id": "VpJ7UzZKDy27kpvwX1GoXQ", "rank": 770}
{"id": "9ox5yS403cJ0MnGOzBCnMg", "rank": 771}
{"id": "Sp9xFZGwqv9gqdtYi94sjw", "rank": 772}
{"id": "SP8mFz6l7_p1Q9QI_lijoQ", "rank": 773}
{"id": "wTOTYv_ZEGRUGkDs3Sc37w", "rank": 774}
{"id": "HVIWxHCOVB5u32K9L_MnPw", "rank": 775}
{"id": "DEqok3M6XVBxNumbMen81Q", "rank": 776}
{"id": "WuIpQ-y8K-L4cSN1FYgjYA", "rank": 777}
{"id": "uAWeVJtPLnNVNgQ9kWVOvg", "rank": 778}
{"id": "_quZzHeZUejQ6eOkK7gumA", "rank": 779}
{"id": "e9DjQ-z_ENl1QTomF33j_g", "rank": 780}
{"id": "g09IMyRheUZltSgLO0RVoA", "rank": 781}
{"id": "-om-mGSnAi3Lg4qq8PV6jw", "rank": 782}
{"id": "EZxHrayh6k4jTEmRSm38gQ", "rank": 783}
{"id": "MjbnkndAGo-LOjU3uJGJcg", "rank": 784}
{"id": "90hrnxyGMu76SQqpA-pL-w", "rank": 785}
{"id": "IXfhlt1kFB98bQCRcA-YSw", "rank": 786}
{"id": "x9FNDpyAJYcJWhQvyaRefQ", "rank": 787}
{"id": "vAUR8yC-70m8d-idmdpxlQ", "rank": 788}
{"id": "GM9Eab42x13WsONXzIX8Fg", "rank": 789}
{"id": "2j0OCElLYW0QuLD3MGlqZA", "rank": 790}
{"id": "lAd3aeYyfk8Qgu_xRFYL1w", "rank": 791}
{"id": "mm-xfgcakftk4j6qa2SCAQ", "rank": 792}
{"id": "i0iMGH-nf-ogC_FdFhCanA", "rank": 793}
{"id": "KFhfglsfxJZtBAMEmjB59w", "rank": 794}
{"id": "BPwHRZnUGuwQo73Q7Kb59w", "rank": 795}
{"id": "2_I39WWSEqJsvM6NbBf95g", "rank": 796}
{"id": "KH45kqzELr2LYJGOVicvhg", "rank": 797}
{"id": "aRILLSGWpfwML7BR02wHbg", "rank": 798}
{"id": "CM8cMUMshCWSzUDx5DCknQ", "rank": 799}
{"id": "SjXibK35-mAKFgr801y70Q", "rank": 800}
{"id": "b4C1p6-k2Lm6b2-MLJ6KyQ", "rank": 801}
{"id": "gJpp-iiwztXFxSpCZx-Ktg", "rank": 802}
{"id": "DBZVMMXwIZ-0PUOLpzU2HA", "rank": 803}
{"id": "gaMiJaSMFWT0gLiHRNwGpQ", "rank": 804}
{"id": "w3VC85UesBVCoT-Xn5yqow", "rank": 805}
{"id": "wikz30pJ9hLXzlFDFvqKcQ", "rank": 806}
{"id": "BLI4E8HXF6EtedW5MUfHyA", "rank": 807}
{"id": "_omLyEkvDttTW2-ouu-SDw", "rank": 808}
{"id": "DqCtBfZQnQFdZhLORkbWvA", "rank": 809}
{"id": "n1ZV2qKjqgAZSf8YqoNspQ", "rank": 810}
{"id": "j6zpIY2jBBzawgQnGnjwXw", "rank": 811}
{"id": "9S251I7HjULYd1aYjtuEOQ", "rank": 812}
{"id": "rF4RSejgL5bXu-OcbYtSYw", "rank": 813}
{"id": "Iwv1gJIi0DgpBtEMSbA0Hw", "rank": 814}
{"id": "-dkB6CN8Y8PssOGCEXqnpQ", "rank": 815}
{"id": "cMYhuH293NNK8VwBq852QQ", "rank": 816}
{"id": "JlGmldwAEZToAopQBKaPTw", "rank": 817}
{"id": "OWrhBbWQYTUgEu2NskmXbA", "rank": 818}
{"id": "s-77kxkyCF9TfCPXk-rN-Q", "rank": 819}
{"id": "mcOnGoRQisk7nKZkMKeuNA", "rank": 820}
{"id": "PacYQSRlQboRz-4Dlg177w", "rank": 821}
{"id": "wID8E0Ypt1jwMqnYtPWdTw", "rank": 822}
{"id": "hNtFVOfgTdIvNiP2nwO8TQ", "rank": 823}
{"id": "3sKUoaeDPp_WdVL9fSB1yg", "rank": 824}
{"id": "GtxdzNYkZ9-tJnJDiS0whw", "rank": 825}
{"id": "onMM-yhFos-4Otx3zVUFIA", "rank": 826}
{"id": "GTZrZLsQ-dbI-U3wjPA8ew", "rank": 827}
{"id": "nvzb2Bz1BCCHptkddcFXIQ", "rank": 828}
{"id": "tSp_GhKkii6XiZ1WaZHg5Q", "rank": 829}
{"id": "bjakxfV_w6CE2ADLeW0p-A", "rank": 830}
{"id": "u7CRBs6NrjoyKDPMXxydfA", "rank": 831}
{"id": "rJwfaDt10iENeq4bjdAYZg", "rank": 832}
{"id": "vrry-f9GF07T40oluUc0Ug", "rank": 833}
{"id": "VmOD0f8g7wk12K-Vcvv1QA", "rank": 834}
{"id": "e4sp41Fl8UC33NBTrLHuBA", "rank": 835}
{"id": "UMmrgTzVd9tx1EKfAnh1Lg", "rank": 836}
{"id": "P3JYaEnqXtsEvGRZ5LQNuQ", "rank": 837}
{"id": "kJdPKKsNf6piXzNm8kkAxw", "rank": 838}
{"id": "dezCklyCSeX0eIfr1b_VMw", "rank": 839}
{"id": "Rvb4PvfMvubWk7nlHIgzzg", "rank": 840}
{"id": "X1E3P1TuZCB2WQTKDZFkwg", "rank": 841}
{"id": "Br0CzWkpYfv3yJ3SP9kcXg", "rank": 842}
{"id": "cuClmqjMTub7Y1FzrUQxFA", "rank": 843}
{"id": "AOfZjMV3oPJua7u9j_SybQ", "rank": 844}
{"id": "_h_t-rVU6c1_IFFxJCUOBw", "rank": 845}
{"id": "B_NcFlSlraH7mKN-etyhLQ", "rank": 846}
{"id": "gW_NAV6iRgS6N4Kgpb2MqA", "rank": 847}
{"id": "s0JDzpmaklgAYYobKbykUw", "rank": 848}
{"id": "txlOs3S6WlvakPH-Ti5krg", "rank": 849}
{"id": "XX4rKg-AXFhU-lK0PGXdsg", "rank": 850}
{"id": "d64XxGtW_9cTp1ff-nShBQ", "rank": 851}
{"id": "AZOavJ1pfAAaPHRdG1wjaQ", "rank": 852}
{"id": "WufVn-THn34f7_665T5_Tw", "rank": 853}
{"id": "xy9XGzkYh_87eBS-LAjH6A", "rank": 854}
{"id": "m0WNO5jky0PTUHSoMLsdZA", "rank": 855}
{"id": "nkfA3VnQVwJBSKLZlCCcCA", "rank": 856}
{"id": "hCag8Vt7lJjpf7eZzKJR4g", "rank": 857}
{"id": "SQFf5rCSjbR8lS-29uOOgg", "rank": 858}
{"id": "ivbzWuCqM144a9dkGDHxNg", "rank": 859}
{"id": "_mYeCQtt3wNww_UJmYTVXQ", "rank": 860}
{"id": "Cs6ecrFG_D3wdO0Zy0oYlg", "rank": 861}
{"id": "EVuVncvRgqftEV7MefpqlQ", "rank": 862}
{"id": "tRAdidgOuaMXKhbqdxi9tw", "rank": 863}
{"id": "DUceNG7ePwsS4_6Tg6SZkA", "rank": 864}
{"id": "lYhemkmeVuU4EYNzHzEIYQ", "rank": 865}
{"id": "revn1RpNC4o1QGGFJY7RPQ", "rank": 866}
{"id": "Lhs1qzL9G7xDC5eFyXUd9A", "rank": 867}
{"id": "lPMyTiSYAJIetcX5yQbqHQ", "rank": 868}
{"id": "-VoSOFg1QRtDupGPS_clpg", "rank": 869}
{"id": "uKF-6RFSD_5TvjUklt4SYw", "rank": 870}
{"id": "H4DJeCEqr_JzfTnf8B0HRA", "rank": 871}
{"id": "2gJ3bqPwl3yngOzdD0om6w", "rank": 872}
{"id": "yDNF6nq8tePvDf_lPWv0vQ", "rank": 873}
{"id": "d8MSED7jTmlFlbc6PgD73A", "rank": 874}
{"id": "zBrz4UueVtnuYJVZQ_67Tg", "rank": 875}
{"id": "82w3xbzvamWeqiv2OQdFZw", "rank": 876}
{"id": "lFIMYqk6Sqje1vgMVWxRfw", "rank": 877}
{"id": "W4Lvt-617yq8ehVHU0zJgA", "rank": 878}
{"id": "6GDORlr-kbLH_ztusq4Vhg", "rank": 879}
{"id": "Cm3a2pgqy41qcE-GgmWk1g", "rank": 880}
{"id": "6ZfPvwBZYUSI3FFaKNzxjQ", "rank": 881}
{"id": "IgGW1b-DAAZoM9bCFJUVmA", "rank": 882}
{"id": "A4Bps2QaiyqyVv0z30Zt2g", "rank": 883}
{"id": "rB2-OKS1M51cEaFMb5Ucsw", "rank": 884}
{"id": "qSOpm2xvc-6wcU0HOM9Trg", "rank": 885}
{"id": "mgtLNzEZ3k9PzIRu_8McwA", "rank": 886}
{"id": "0vw5MPlEy3wa12AZz5f5Mw", "rank": 887}
{"id": "5lbQd0oyOEsqfbq5JGR5yw", "rank": 888}
{"id": "mIuzIEUMrdByNHhhyu-QTA", "rank": 889}
{"id": "dVX6rNnkc-Mj5_9Q-OIbzg", "rank": 890}
{"id": "JJdtrQcq82KNS_2Q6-UZQA", "rank": 891}
{"id": "uPekT0-0tngEWpN-DA-j_Q", "rank": 892}
{"id": "ogieAch-NvFdfQ90AygZBA", "rank": 893}
{"id": "4LlrgrsMSTX9pHyZfY64KQ", "rank": 894}
{"id": "Z_cgTXAUokDzz6SH-VDjvg", "rank": 895}
{"id": "yQdOvypf8D_1fe1gYbMwjw", "rank": 896}
{"id": "Kva0G4j1V0nA4D3ofhMEUQ", "rank": 897}
{"id": "wS5wOes-jGPrxwCCcrmDJA", "rank": 898}
{"id": "Ou8juhLfOMe_WYavn9syUg", "rank": 899}
{"id": "kL0dOanCjvM_8ZuTaLwx-w", "rank": 900}
{"id": "FR1xkNio808Q93WMV13JrA", "rank": 901}
{"id": "71KRM4pzUE01PphIQrtT8A", "rank": 902}
{"id": "5qVXcgPzLCvAvr68WIa2vw", "rank": 903}
{"id": "ZcjY11cKWKj2xYYwgeRcdQ", "rank": 904}
{"id": "am8hj398LL2tkY_GBX6aIg", "rank": 905}
{"id": "_ffjtCp-Y9C7wJREMTie4Q", "rank": 906}
{"id": "V6j5kFG-i-9pAE5x9Kf1Ng", "rank": 907}
{"id": "6GgJTgFz0h32CjQS2AMxIw", "rank": 908}
{"id": "vno_JPJrg-DjlArQKjgLow", "rank": 909}
{"id": "X1oN2pvwzTyQ4Vw57mcFfQ", "rank": 910}
{"id": "1TGJMkwgRqjKEos_b9R8GQ", "rank": 911}
{"id": "ioin9iGNDiwTrw8lhSVAkA", "rank": 912}
{"id": "vtjk0_PBfTdwucfXivzZpg", "rank": 913}
{"id": "cKyiQvPGWCpzMB57HyHvag", "rank": 914}
{"id": "bSjPImKLpJSNOuG4q7FJiw", "rank": 915}
{"id": "SbRYV5iIHz6_0MGx8lLb9g", "rank": 916}
{"id": "64pKzkPMTntFWXiEHM4L2Q", "rank": 917}
{"id": "QGT0CK59GEFqRCXIOGIFVA", "rank": 918}
{"id": "dbG7543KqTDWaNjhkaLiQA", "rank": 919}
{"id": "bbZwg0mHNgf1Ygip-Utv6A", "rank": 920}
{"id": "_pRJGnOSn6dfYxhBxVcsBg", "rank": 921}
{"id": "XQcfYzzUNIGyiG3VKF_rog", "rank": 922}
{"id": "UtJjeUBV8rsfDVHbpYMQtg", "rank": 923}
{"id": "e0RAvNS5GJdIR4yHn_mMUw", "rank": 924}
{"id": "8zoc2zohtqLzyVXdkYY5-g", "rank": 925}
{"id": "f3RDRlcMaybqF2ZGum41sw", "rank": 926}
{"id": "fTsOzZnuojLpEO8ZzovHsA", "rank": 927}
{"id": "dryfdyRWp8zAQfRdFID31g", "rank": 928}
{"id": "hAiEYjTbkMY3XE_ZfZat5g", "rank": 929}
{"id": "xHOKosF3DmCf1V--t06fkQ", "rank": 930}
{"id": "4vDcuJoVzZPaNCjLa6xqsg", "rank": 931}
{"id": "9WgLfWHVI36V7WGRGmcbmA", "rank": 932}
{"id": "PMntq4NtHnrgwSoqh1mCsw", "rank": 933}
{"id": "NzjDTAcOvmf1ZoCdipYm6w", "rank": 934}
{"id": "mHq-h9HGgpzFrgUQbYq73w", "rank": 935}
{"id": "bPHx7oYtY31Tg0n7UEfYFQ", "rank": 936}
{"id": "H3gSWUv2zun1gT0PgdX2Hw", "rank": 937}
{"id": "PSCepSLwQrEMF3Is-Ge_zw", "rank": 938}
{"id": "FP-aXKt5p4S6HoW1NCsOGg", "rank": 939}
{"id": "9BpynyVQH6AfgJA1ZVWcTw", "rank": 940}
{"id": "tFnl_U6TeBkRscO5VUXwDg", "rank": 941}
{"id": "OX_Hy2DEKIzGXXlBWhhvTw", "rank": 942}
{"id": "wf2MJXosVLnYikBiD_-Kbw", "rank": 943}
{"id": "-HLeaBXfsurwmac_mKMgag", "rank": 944}
{"id": "BJ-WSCegY3w3kzXg20-Bgg", "rank": 945}
{"id": "AinWvaCqodEr-kcOEROJqw", "rank": 946}
{"id": "-UD1KcmnfBkQn0dGHZ2qww", "rank": 947}
{"id": "YOdxMXgIxLYeGHP9wY2Urg", "rank": 948}
{"id": "NHAYf4y4BqSCSe5dBt1hhg", "rank": 949}
{"id": "uvVmBnYQf8Mnt-s64D8XOg", "rank": 950}
{"id": "UB21qrtGLXQxJj3oj7KjJQ", "rank": 951}
{"id": "89MT48T_rMOIpoUDM9V4wQ", "rank": 952}
{"id": "eskSSQeWdpVGI6dqPrakBA", "rank": 953}
{"id": "QRWmeoGbrSg941_YfsHlhw", "rank": 954}
{"id": "tuP1lQ-Kk2XnI30224dS6w", "rank": 955}
{"id": "SHJaH-6WASZ6_dweAMNEtg", "rank": 956}
{"id": "IsP7AnHNoJoQ4p2z63bowg", "rank": 957}
{"id": "CdnqnvH454lNqVZktMFLcA", "rank": 958}
{"id": "1XG4QQWh2SO1ejALSa_LPw", "rank": 959}
{"id": "dDQN3EO5TevbegZcR1zrmw", "rank": 960}
{"id": "Z2LAEhobZ66LVGaE2W-gfQ", "rank": 961}
{"id": "Qhkj2b7SYrxCY9_DUo_lnQ", "rank": 962}
{"id": "VcaccWBdqu8ZRm2XEvrKdw", "rank": 963}
{"id": "iVdO1aIWB3LDcWm8mU-Kug", "rank": 964}
{"id": "5R4GMnCw1dWNanyOyPEaYA", "rank": 965}
{"id": "MKKxHOTPB__67SyQuF7AbA", "rank": 966}
{"id": "Tte_4DZC6BaFA96OYRPMPg", "rank": 967}
{"id": "AT-__hbRQTiwUEmp7uLl6Q", "rank": 968}
{"id": "2fJfR7RRA9ylerKLn7ucEA", "rank": 969}
{"id": "_wqxOsx7hP3dGgnQ3p5qMQ", "rank": 970}
{"id": "sWlRpXRXSaka6AtT3fq8Uw", "rank": 971}
{"id": "ZQCOnuYLwRCDL02oCdbLrA", "rank": 972}
{"id": "Z1r4-sHiEHxzFqSbPkD2ag", "rank": 973}
{"id": "6pouvh3c8Duw_4lgXdJJfw", "rank": 974}
{"id": "HI5oJPtUX8tywFflgaCoaQ", "rank": 975}
{"id": "M1lAG0Ypyen5DN-meEotAw", "rank": 976}
{"id": "LX8qwf5fN1Oh3WQnt7nHPw", "rank": 977}
{"id": "II2F_hqytBjWvnLsifYy9Q", "rank": 978}
{"id": "5qQ3cAUChavXkU2-2c0Zqw", "rank": 979}
{"id": "cZqBjP6NJ5Bq3GFzv15IXQ", "rank": 980}
{"id": "t7QN0-S2zY9WqVwZJBYklA", "rank": 981}
{"id": "injPViKI_Mzi1ZgHO5RA-g", "rank": 982}
{"id": "d-cuH9qYeY_pXhm0s4yPYg", "rank": 983}
{"id": "6tbQBIxxhxip3xl-MkuImw", "rank": 984}
{"id": "YkoeJspw1JNTAdRPE7WrYA", "rank": 985}
{"id": "fNEwt7dF2jxDW-OMnFy6yA", "rank": 986}
{"id": "nEBXsSzsflAlx7oQ9N0iZw", "rank": 987}
{"id": "ewTDWJ-4ql8JwgJy_5KsKQ", "rank": 988}
{"id": "2Olvf9w96oKfOuYjLtJalQ", "rank": 989}
{"id": "XAepYT7sIeSZY2iNS39tuA", "rank": 990}
{"id": "rgu6Z8QTe_P_I_WFC34sIw", "rank": 991}
{"id": "r6n81so6WVVOt6SbSt8q4g", "rank": 992}
{"id": "K7K0l2oxZ-nCpSMkExU5IA", "rank": 993}
{"id": "952LMinQzefl_ykIa7Nggw", "rank": 994}
{"id": "DMOsT5rYmVX2AT3GToQANg", "rank": 995}
{"id": "UfHSPcDv3OkmG7OoZPI9gw", "rank": 996}
{"id": "Mh4RIEY_EPQ8mUgz1IgKNQ", "rank": 997}
{"id": "XLyF1vkgiAX0N_upA6_HAA", "rank": 998}
{"id": "QujOYzM1U4PTB2E8Zays2Q", "rank": 999}
{"id": "OBVHsbptl7iDXpuT88_x6w", "rank": 1000}
